[{"Sequencial": 284}, {"Data/Hora": "20210315192726854"}, {"RPi Temp": "51.0"}, {"Bin0": 196}, {"Bin1": 25}, {"Bin2": 14}, {"Bin3": 2}, {"Bin4": 9}, {"Bin5": 8}, {"Bin6": 6}, {"Bin7": 1}, {"Bin8": 0}, {"Bin9": 1}, {"Bin10": 1}, {"Bin11": 0}, {"Bin12": 0}, {"Bin13": 0}, {"Bin14": 0}, {"Bin15": 0}, {"Bin16": 0}, {"Bin17": 0}, {"Bin18": 0}, {"Bin19": 0}, {"Bin20": 0}, {"Bin21": 0}, {"Bin22": 0}, {"Bin23": 0}, {"MToFBin1(us)": 28}, {"MToFBin3(us)": 27}, {"MToFBin5(us)": 37}, {"MToFBin7(us)": 106}, {"SampPrd(s)": 250}, {"SFR(ml/s)": 394}, {"Temperatura": "30.53"}, {"Umidade": "33.12"}, {"PM_A(ug/m^3)": "2.721"}, {"PM_B(ug/m^3)": "13.543"}, {"PM_C(ug/m^3)": "57.923"}, {"#RejectGlitch": 63}, {"#RejectLongTOF": 13}, {"#RejectRatio": 1964}, {"#RejectCountOutOfRange": 33}, {"FanRevCount": 0}, {"LaserStatus": 624}]