[
    {
        "Sequencial": 117
    },
    {
        "Data/Hora": "20210315120212611"
    },
    {
        "RPi Temp": "47.1"
    },
    {
        "Bin0": 106
    },
    {
        "Bin1": 11
    },
    {
        "Bin2": 7
    },
    {
        "Bin3": 1
    },
    {
        "Bin4": 1
    },
    {
        "Bin5": 0
    },
    {
        "Bin6": 1
    },
    {
        "Bin7": 1
    },
    {
        "Bin8": 1
    },
    {
        "Bin9": 0
    },
    {
        "Bin10": 0
    },
    {
        "Bin11": 0
    },
    {
        "Bin12": 0
    },
    {
        "Bin13": 0
    },
    {
        "Bin14": 0
    },
    {
        "Bin15": 0
    },
    {
        "Bin16": 0
    },
    {
        "Bin17": 0
    },
    {
        "Bin18": 0
    },
    {
        "Bin19": 0
    },
    {
        "Bin20": 0
    },
    {
        "Bin21": 0
    },
    {
        "Bin22": 0
    },
    {
        "Bin23": 0
    },
    {
        "MToFBin1{us}": 28
    },
    {
        "MToFBin3{us}": 28
    },
    {
        "MToFBin5{us}": 0
    },
    {
        "MToFBin7{us}": 47
    },
    {
        "SampPrd{s}": 251
    },
    {
        "SFR{ml/s}": 468
    },
    {
        "Temperatura": "28.03"
    },
    {
        "Umidade": "35.41"
    },
    {
        "PM_A{ug/m^3}": "0.915"
    },
    {
        "PM_B{ug/m^3}": "2.811"
    },
    {
        "PM_C{ug/m^3}": "11.509"
    },
    {
        "#RejectGlitch": 11
    },
    {
        "#RejectLongTOF": 0
    },
    {
        "#RejectRatio": 170
    },
    {
        "#RejectCountOutOfRange": 10
    },
    {
        "FanRevCount": 0
    },
    {
        "LaserStatus": 624
    }
]